Model,Learning Rate,Batch Size,Optimizer,Epoch,Train Loss,Train Accuracy,Validation Loss,Validation Accuracy
ResNet-18,0.1,32,SGD,1,1.89044282,30.3,1.581534525,41.77
ResNet-18,0.1,32,SGD,2,1.374597868,49.5325,1.504056625,48.28
ResNet-18,0.1,32,SGD,3,1.015435645,64.145,1.070389585,62.34
ResNet-18,0.1,32,SGD,4,0.866943852,70.01,1.12391695,62.88
ResNet-18,0.1,32,SGD,5,0.79551857,72.4075,0.946561501,68.26
ResNet-18,0.1,32,SGD,6,0.767105684,73.6625,0.896545,68.79
ResNet-18,0.1,32,SGD,7,0.738687011,74.6275,0.838801397,71.97
ResNet-18,0.1,32,SGD,8,0.718796345,75.4325,0.90535006,70.49
ResNet-18,0.1,32,SGD,9,0.703199495,75.73,0.768963437,73.33
ResNet-18,0.1,32,SGD,10,0.691521538,76.06,0.951898105,68.5
ResNet-18,0.1,32,SGD,11,0.678397414,76.855,0.658828504,77.35
ResNet-18,0.1,32,SGD,12,0.674781613,76.6475,0.950583865,66.36
ResNet-18,0.1,32,SGD,13,0.667544882,77.255,0.875963151,70.37
ResNet-18,0.1,32,SGD,14,0.658774023,77.2075,0.795624408,72.71
ResNet-18,0.1,32,SGD,15,0.656162405,77.5975,1.028565928,67.5
ResNet-18,0.1,32,Adam,1,2.162116885,21.1275,3.494471734,18.14
ResNet-18,0.1,32,Adam,2,2.05154076,22.9275,3.339087241,14.33
ResNet-18,0.1,32,Adam,3,2.078789975,22.1575,7.761578732,10
ResNet-18,0.1,32,Adam,4,2.133165329,20.125,2.457958467,9.93
ResNet-18,0.1,32,Adam,5,2.075711143,20.86,2.788601727,15.48
ResNet-18,0.1,32,Adam,6,2.030217865,22.8425,14.88109732,10
ResNet-18,0.1,32,Adam,7,2.086342271,20.3575,2.578794892,10.32
ResNet-18,0.1,32,Adam,8,2.158401634,18.035,282.0518927,10
ResNet-18,0.1,32,Adam,9,2.190321952,17.71,4.050802751,9.28
ResNet-18,0.1,32,Adam,10,2.196037481,17.635,7.626687303,10
ResNet-18,0.1,32,Adam,11,2.205825621,17.3225,9.609572291,6.67
ResNet-18,0.1,32,Adam,12,2.173171986,18.0075,7.740021348,13.01
ResNet-18,0.1,32,Adam,13,2.194302077,17.7975,2.254801714,14.39
ResNet-18,0.1,32,Adam,14,2.181986166,17.965,2.900765505,12.78
ResNet-18,0.1,32,Adam,15,2.190197592,17.5225,2.533109281,15.93
ResNet-18,0.1,64,SGD,1,2.115339318,25.435,1.797405183,34.12
ResNet-18,0.1,64,SGD,2,1.582291654,41.5625,1.43726469,46.77
ResNet-18,0.1,64,SGD,3,1.305894222,52.24,1.29178805,54.32
ResNet-18,0.1,64,SGD,4,1.026625846,63.365,0.983300571,65.88
ResNet-18,0.1,64,SGD,5,0.808842367,71.8775,0.973538387,65.53
ResNet-18,0.1,64,SGD,6,0.702773795,75.6275,0.797569531,72.58
ResNet-18,0.1,64,SGD,7,0.654550406,77.46,0.818692056,72.27
ResNet-18,0.1,64,SGD,8,0.611452749,78.87,0.820592875,72.34
ResNet-18,0.1,64,SGD,9,0.58511321,79.92,0.68033961,76.98
ResNet-18,0.1,64,SGD,10,0.561093071,80.675,0.801741923,71.96
ResNet-18,0.1,64,SGD,11,0.54464129,81.315,0.746904918,73.58
ResNet-18,0.1,64,SGD,12,0.52752821,82.07,0.849597396,72.53
ResNet-18,0.1,64,SGD,13,0.51689712,82.1975,0.729669579,75.39
ResNet-18,0.1,64,SGD,14,0.502902405,82.6,0.670828423,76.78
ResNet-18,0.1,64,SGD,15,0.499707399,82.815,0.79451963,74.46
ResNet-18,0.1,64,Adam,1,2.14758001,22.795,3.75168237,13.17
ResNet-18,0.1,64,Adam,2,1.941589282,27.17,3.737851262,18.57
ResNet-18,0.1,64,Adam,3,1.938780503,27.395,2.546346455,19.99
ResNet-18,0.1,64,Adam,4,1.946771999,27.4975,120.4690681,10
ResNet-18,0.1,64,Adam,5,1.944044294,27.2325,2.558491836,15.69
ResNet-18,0.1,64,Adam,6,1.947091101,27.3825,2.738263967,21.06
ResNet-18,0.1,64,Adam,7,1.955160604,27.1975,17.59522603,10.35
ResNet-18,0.1,64,Adam,8,1.952806623,26.9325,2.823533127,22.62
ResNet-18,0.1,64,Adam,9,1.964343016,26.605,3.285454941,19.08
ResNet-18,0.1,64,Adam,10,1.94391412,27.5175,2.341407397,17.49
ResNet-18,0.1,64,Adam,11,1.954681502,27.1175,3.626683118,18.18
ResNet-18,0.1,64,Adam,12,1.944515657,27.355,2.614716883,12.04
ResNet-18,0.1,64,Adam,13,1.949077393,27.115,66.01411186,10
ResNet-18,0.1,64,Adam,14,1.949118052,27.4125,2.621253002,10.35
ResNet-18,0.1,64,Adam,15,1.939480809,28.065,3.548647895,16.15
ResNet-18,0.01,32,SGD,1,1.583792393,42.3,1.219180004,56.31
ResNet-18,0.01,32,SGD,2,1.008562921,64.2375,0.870075007,69.32
ResNet-18,0.01,32,SGD,3,0.764026177,73.425,0.737388548,74.66
ResNet-18,0.01,32,SGD,4,0.638682134,77.8075,0.724324364,75.66
ResNet-18,0.01,32,SGD,5,0.549207373,80.935,0.692156491,76.52
ResNet-18,0.01,32,SGD,6,0.481914418,83.32,0.662534852,76.84
ResNet-18,0.01,32,SGD,7,0.43686385,84.95,0.488915502,83.11
ResNet-18,0.01,32,SGD,8,0.388148182,86.475,0.465350702,84.42
ResNet-18,0.01,32,SGD,9,0.361876169,87.5575,0.453838777,84.69
ResNet-18,0.01,32,SGD,10,0.331861817,88.555,0.430379664,85.43
ResNet-18,0.01,32,SGD,11,0.297765879,89.7575,0.43495821,85.33
ResNet-18,0.01,32,SGD,12,0.273146336,90.64,0.457729596,85.1
ResNet-18,0.01,32,SGD,13,0.256801016,91.035,0.498101534,84.05
ResNet-18,0.01,32,SGD,14,0.23530242,91.85,0.414234669,85.87
ResNet-18,0.01,32,SGD,15,0.220442977,92.325,0.391010281,86.94
ResNet-18,0.01,32,Adam,1,1.843516019,30.9275,1.770896195,32.64
ResNet-18,0.01,32,Adam,2,1.481873981,45.47,2.083265036,33.52
ResNet-18,0.01,32,Adam,3,1.369196302,50.2475,1.305161179,53.35
ResNet-18,0.01,32,Adam,4,1.311521009,52.45,2.065950673,33.47
ResNet-18,0.01,32,Adam,5,1.273696272,54.3725,1.59269748,44.7
ResNet-18,0.01,32,Adam,6,1.259037589,54.655,1.354452788,51.24
ResNet-18,0.01,32,Adam,7,1.250645334,55.115,1.353681761,52.34
ResNet-18,0.01,32,Adam,8,1.240841502,55.2475,1.677249614,43.09
ResNet-18,0.01,32,Adam,9,1.234771993,55.7325,1.269139844,54.67
ResNet-18,0.01,32,Adam,10,1.221501466,56.42,1.833314756,37.86
ResNet-18,0.01,32,Adam,11,1.221795531,56.2675,2.821913004,28.59
ResNet-18,0.01,32,Adam,12,1.218110328,56.42,1.952402943,38.43
ResNet-18,0.01,32,Adam,13,1.215981135,56.21,1.850068966,34.92
ResNet-18,0.01,32,Adam,14,1.2181104,56.5625,1.278415546,53.3
ResNet-18,0.01,32,Adam,15,1.21983964,56.22,1.246038669,55.7
ResNet-18,0.01,64,SGD,1,1.550681972,43.17,1.269068917,54.4
ResNet-18,0.01,64,SGD,2,1.018250829,63.9725,0.981209419,65.74
ResNet-18,0.01,64,SGD,3,0.764753147,73.185,0.761958372,73.78
ResNet-18,0.01,64,SGD,4,0.633909067,77.95,0.74859442,74.3
ResNet-18,0.01,64,SGD,5,0.540789737,81.115,0.66353189,77.16
ResNet-18,0.01,64,SGD,6,0.477254566,83.5175,0.545589241,81.05
ResNet-18,0.01,64,SGD,7,0.414564548,85.695,0.603430105,79.4
ResNet-18,0.01,64,SGD,8,0.373381619,86.9875,0.648225254,79.83
ResNet-18,0.01,64,SGD,9,0.335068138,88.29,0.474716147,83.65
ResNet-18,0.01,64,SGD,10,0.302164846,89.52,0.556290364,81.4
ResNet-18,0.01,64,SGD,11,0.277643963,90.3675,0.479026802,83.72
ResNet-18,0.01,64,SGD,12,0.250394538,91.245,0.535430393,82.96
ResNet-18,0.01,64,SGD,13,0.225485767,92.145,0.560483565,82.29
ResNet-18,0.01,64,SGD,14,0.201343404,93.0075,0.457937479,84.63
ResNet-18,0.01,64,SGD,15,0.185225144,93.6775,0.439023886,86.07
ResNet-18,0.01,64,Adam,1,1.906214568,29.2475,1.847298048,31.4
ResNet-18,0.01,64,Adam,2,1.520063722,43.045,1.826767118,36.29
ResNet-18,0.01,64,Adam,3,1.293548359,52.7325,1.592092004,44.45
ResNet-18,0.01,64,Adam,4,1.178288951,57.5,2.90895591,37.88
ResNet-18,0.01,64,Adam,5,1.108615276,60.18,1.47130741,47.56
ResNet-18,0.01,64,Adam,6,1.062167447,61.845,2.551658669,25.77
ResNet-18,0.01,64,Adam,7,1.030116669,63.28,1.202278739,59.07
ResNet-18,0.01,64,Adam,8,1.00674426,64.11,1.200107427,58.26
ResNet-18,0.01,64,Adam,9,0.98378761,64.8275,1.516621441,51.83
ResNet-18,0.01,64,Adam,10,0.973935707,65.4125,1.864160038,45.21
ResNet-18,0.01,64,Adam,11,0.963688887,65.83,1.038147451,63.91
ResNet-18,0.01,64,Adam,12,0.953050257,66.4375,1.183635938,58.92
ResNet-18,0.01,64,Adam,13,0.940317496,66.5025,1.714608589,44.95
ResNet-18,0.01,64,Adam,14,0.936318345,66.7825,1.827463157,45.88
ResNet-18,0.01,64,Adam,15,0.932058322,67.175,1.095098957,60.38
AlexNet,0.1,32,SGD,1,,10.2375,,10
AlexNet,0.1,32,SGD,2,,10,,10
AlexNet,0.1,32,SGD,3,,10,,10
AlexNet,0.1,32,SGD,4,,10,,10
AlexNet,0.1,32,SGD,5,,10,,10
AlexNet,0.1,32,SGD,6,,10,,10
AlexNet,0.1,32,SGD,7,,10,,10
AlexNet,0.1,32,SGD,8,,10,,10
AlexNet,0.1,32,SGD,9,,10,,10
AlexNet,0.1,32,SGD,10,,10,,10
AlexNet,0.1,32,SGD,11,,10,,10
AlexNet,0.1,32,SGD,12,,10,,10
AlexNet,0.1,32,SGD,13,,10,,10
AlexNet,0.1,32,SGD,14,,10,,10
AlexNet,0.1,32,SGD,15,,10,,10
AlexNet,0.1,32,Adam,1,2.48655E+11,10.3225,2.319247439,10
AlexNet,0.1,32,Adam,2,2.493702193,9.615,3.364014976,10
AlexNet,0.1,32,Adam,3,3.573643297,10.2225,3.29738975,10
AlexNet,0.1,32,Adam,4,3.788001501,9.98,3.532778244,10
AlexNet,0.1,32,Adam,5,4.282206813,10.03,3.225593481,10
AlexNet,0.1,32,Adam,6,3.984935486,10.1375,8.071081133,10
AlexNet,0.1,32,Adam,7,4.468971111,10.0575,4.320336967,10
AlexNet,0.1,32,Adam,8,4.363430055,10.12,4.008486872,10
AlexNet,0.1,32,Adam,9,3.591901197,9.96,2.543471503,10
AlexNet,0.1,32,Adam,10,2.917455256,10.135,2.522739124,10
AlexNet,0.1,32,Adam,11,2.688855143,10.1,2.626594715,10
AlexNet,0.1,32,Adam,12,2.636292817,10.12,2.385242589,10
AlexNet,0.1,32,Adam,13,2.705416817,9.8375,2.661928933,10
AlexNet,0.1,32,Adam,14,91.23707225,9.985,2.695584047,10
AlexNet,0.1,32,Adam,15,2.746601889,10.0325,2.536535246,10
AlexNet,0.1,64,SGD,1,,11.1025,,10
AlexNet,0.1,64,SGD,2,,10,,10
AlexNet,0.1,64,SGD,3,,10,,10
AlexNet,0.1,64,SGD,4,,10,,10
AlexNet,0.1,64,SGD,5,,10,,10
AlexNet,0.1,64,SGD,6,,10,,10
AlexNet,0.1,64,SGD,7,,10,,10
AlexNet,0.1,64,SGD,8,,10,,10
AlexNet,0.1,64,SGD,9,,10,,10
AlexNet,0.1,64,SGD,10,,10,,10
AlexNet,0.1,64,SGD,11,,10,,10
AlexNet,0.1,64,SGD,12,,10,,10
AlexNet,0.1,64,SGD,13,,10,,10
AlexNet,0.1,64,SGD,14,,10,,10
AlexNet,0.1,64,SGD,15,,10,,10
AlexNet,0.1,64,Adam,1,1.33165E+11,10.1125,2.306273685,10
AlexNet,0.1,64,Adam,2,44305488.9,9.7575,2.305840626,10
AlexNet,0.1,64,Adam,3,37321.42902,9.8225,2.312351027,10
AlexNet,0.1,64,Adam,4,17058.06913,10.29,2.305256155,10
AlexNet,0.1,64,Adam,5,5369.7252,9.8425,2.312596152,10
AlexNet,0.1,64,Adam,6,4946.24068,9.9725,2.311221187,10
AlexNet,0.1,64,Adam,7,9846.620811,9.67,2.305785058,10
AlexNet,0.1,64,Adam,8,1221.210729,9.8525,2.309368665,10
AlexNet,0.1,64,Adam,9,3676.758703,9.8275,2.315420568,10
AlexNet,0.1,64,Adam,10,3470.242629,10.1225,2.310217102,10
AlexNet,0.1,64,Adam,11,3684.277306,9.84,2.309264719,10
AlexNet,0.1,64,Adam,12,38360.24859,9.91,2.321135988,10
AlexNet,0.1,64,Adam,13,191.4704012,9.8225,2.322310069,10
AlexNet,0.1,64,Adam,14,203.4631474,10.005,2.306269219,10
AlexNet,0.1,64,Adam,15,220753708.2,10.1325,2.306391082,10
AlexNet,0.01,32,SGD,1,1.848565477,30.6725,1.450091516,47.97
AlexNet,0.01,32,SGD,2,1.330313669,51.515,1.236557494,56.12
AlexNet,0.01,32,SGD,3,1.092076215,61.45,1.034123433,63.91
AlexNet,0.01,32,SGD,4,0.951280521,66.8775,0.908672847,68.47
AlexNet,0.01,32,SGD,5,0.862958357,70.195,0.833900787,71.02
AlexNet,0.01,32,SGD,6,0.803092902,72.375,0.711188849,75.17
AlexNet,0.01,32,SGD,7,0.744477547,74.6375,0.752497413,73.98
AlexNet,0.01,32,SGD,8,0.703055391,75.9725,0.70836403,75.77
AlexNet,0.01,32,SGD,9,0.67259165,77.105,0.688071034,76.62
AlexNet,0.01,32,SGD,10,0.646935736,77.885,0.66275848,77.7
AlexNet,0.01,32,SGD,11,0.618525137,78.6925,0.697270526,76.24
AlexNet,0.01,32,SGD,12,0.604313202,79.4225,0.651974459,77.87
AlexNet,0.01,32,SGD,13,0.578948158,80.3475,0.631414945,79.08
AlexNet,0.01,32,SGD,14,0.561691437,81.025,0.612390132,79.83
AlexNet,0.01,32,SGD,15,0.542971992,81.6975,0.630406497,79.13
AlexNet,0.01,32,Adam,1,3585.75499,10.1475,2.311104593,10
AlexNet,0.01,32,Adam,2,22.45592093,10.2375,2.344324832,10
AlexNet,0.01,32,Adam,3,35.17989326,10.005,2.307790883,10
AlexNet,0.01,32,Adam,4,2.316941104,9.9825,2.34517293,10
AlexNet,0.01,32,Adam,5,468832.0193,10.0675,6.733523917,10
AlexNet,0.01,32,Adam,6,2658539.255,10.055,2.324593396,10
AlexNet,0.01,32,Adam,7,3.514498486,10.3,2.467127061,10.02
AlexNet,0.01,32,Adam,8,5736.577171,9.7525,2.322487175,10
AlexNet,0.01,32,Adam,9,2481485.298,9.93,2.310257773,10
AlexNet,0.01,32,Adam,10,42.58660901,10.0175,1367.55898,10
AlexNet,0.01,32,Adam,11,1388.896259,9.9625,2.32491796,10
AlexNet,0.01,32,Adam,12,14.40285554,10.0475,2.311033299,10
AlexNet,0.01,32,Adam,13,5769.362654,9.9175,241.0487385,9.99
AlexNet,0.01,32,Adam,14,8631.434635,10.205,2.309308195,10
AlexNet,0.01,32,Adam,15,13834.07424,10.0925,290.2585395,9.99
AlexNet,0.01,64,SGD,1,1.911927056,28.615,1.505800841,44.31
AlexNet,0.01,64,SGD,2,1.363756053,50.13,1.25101429,56.64
AlexNet,0.01,64,SGD,3,1.075711924,62.145,1.012835335,65.53
AlexNet,0.01,64,SGD,4,0.912673529,68.115,0.88504236,68.68
AlexNet,0.01,64,SGD,5,0.798258053,72.565,0.784113136,73.39
AlexNet,0.01,64,SGD,6,0.725787585,74.6625,0.740068578,74.65
AlexNet,0.01,64,SGD,7,0.652505554,77.51,0.688300985,77.01
AlexNet,0.01,64,SGD,8,0.603748537,79.12,0.58936678,80.19
AlexNet,0.01,64,SGD,9,0.550794535,81.0125,0.610472963,79.65
AlexNet,0.01,64,SGD,10,0.522792408,82.0675,0.572101856,80.48
AlexNet,0.01,64,SGD,11,0.4916564,83.0575,0.575056572,79.85
AlexNet,0.01,64,SGD,12,0.460850147,84.165,0.605710605,80.34
AlexNet,0.01,64,SGD,13,0.433938821,85.08,0.552876028,81.84
AlexNet,0.01,64,SGD,14,0.413685602,85.6825,0.53594018,81.73
AlexNet,0.01,64,SGD,15,0.396871136,86.4175,0.501019707,83.5
AlexNet,0.01,64,Adam,1,5168.358722,9.7425,2.303359513,10
AlexNet,0.01,64,Adam,2,1312.187085,10.1725,2.305214934,10
AlexNet,0.01,64,Adam,3,2.426425332,9.745,2.306582906,10
AlexNet,0.01,64,Adam,4,2.326361413,9.86,2.304750173,10
AlexNet,0.01,64,Adam,5,2.309948509,10.025,2.31164608,10
AlexNet,0.01,64,Adam,6,2.328142509,10.0825,2.303974049,10
AlexNet,0.01,64,Adam,7,2.334670259,9.8775,2.305906303,10
AlexNet,0.01,64,Adam,8,2.307096427,9.95,2.305061579,10
AlexNet,0.01,64,Adam,9,2.306699466,9.7,2.305997064,10
AlexNet,0.01,64,Adam,10,2.30888716,9.88,2.30642674,10
AlexNet,0.01,64,Adam,11,2.36287937,9.89,2.315208871,10
AlexNet,0.01,64,Adam,12,2.309710212,10.08,2.30497298,10
AlexNet,0.01,64,Adam,13,206276.7857,9.945,2.304246821,10
AlexNet,0.01,64,Adam,14,45.97966418,9.91,2.303921225,10
AlexNet,0.01,64,Adam,15,2.342551882,9.8675,2.303046212,10
MobileNet,0.1,32,SGD,1,1.838762328,34.68,1.672501004,39.46
MobileNet,0.1,32,SGD,2,1.291870368,53.5675,1.176372016,57.91
MobileNet,0.1,32,SGD,3,1.088874504,61.91,1.267686694,56.06
MobileNet,0.1,32,SGD,4,1.03177493,64.185,1.298195134,54.3
MobileNet,0.1,32,SGD,5,1.00087498,65.325,1.090397833,62.82
MobileNet,0.1,32,SGD,6,0.986435807,65.9575,1.543114207,49.67
MobileNet,0.1,32,SGD,7,0.978218835,66.17,1.049311895,63.06
MobileNet,0.1,32,SGD,8,0.989986508,65.7725,1.47573889,49.55
MobileNet,0.1,32,SGD,9,1.017287408,65.0325,1.166444188,56.99
MobileNet,0.1,32,SGD,10,1.000213321,65.2725,1.088707807,62.84
MobileNet,0.1,32,SGD,11,0.991215093,65.7575,1.108547141,62.53
MobileNet,0.1,32,SGD,12,0.999029922,65.3825,1.339925256,56.43
MobileNet,0.1,32,SGD,13,1.014282781,64.735,1.096361112,62.53
MobileNet,0.1,32,SGD,14,1.009667916,65.1,1.071512686,63.19
MobileNet,0.1,32,SGD,15,1.011011835,65.2175,2.061042687,34.28
MobileNet,0.1,32,Adam,1,2.247555959,15.83,2.856280558,10
MobileNet,0.1,32,Adam,2,2.253133614,12.28,2.323676515,10
MobileNet,0.1,32,Adam,3,2.323699778,9.98,2.310631683,10
MobileNet,0.1,32,Adam,4,2.325478691,9.785,2.325541935,10
MobileNet,0.1,32,Adam,5,2.325464928,10.03,2.312546225,10
MobileNet,0.1,32,Adam,6,2.323999188,9.9575,2.307982175,10
MobileNet,0.1,32,Adam,7,2.324765931,9.8325,2.315461016,10
MobileNet,0.1,32,Adam,8,2.324451946,10.03,2.311020482,10
MobileNet,0.1,32,Adam,9,2.324953303,10.0325,2.309766862,10
MobileNet,0.1,32,Adam,10,2.324233829,9.735,2.317728286,10
MobileNet,0.1,32,Adam,11,2.32427144,9.9975,2.315108755,10
MobileNet,0.1,32,Adam,12,2.3216269,10.3975,2.335791848,10
MobileNet,0.1,32,Adam,13,2.324323008,10.0075,2.314629807,10
MobileNet,0.1,32,Adam,14,2.322555305,10.265,2.320412812,10
MobileNet,0.1,32,Adam,15,2.325891886,10.0625,2.309603779,10
MobileNet,0.1,64,SGD,1,1.854223508,36.2375,1.346712426,51.07
MobileNet,0.1,64,SGD,2,1.207883801,56.7925,1.222730436,56.37
MobileNet,0.1,64,SGD,3,0.939255492,66.9725,1.318780535,55.13
MobileNet,0.1,64,SGD,4,0.811294203,72.01,1.411663618,52.04
MobileNet,0.1,64,SGD,5,0.750298773,73.9025,1.112952902,62.15
MobileNet,0.1,64,SGD,6,0.72357252,74.8975,0.835170348,71.91
MobileNet,0.1,64,SGD,7,0.725140813,74.945,1.190913362,60.1
MobileNet,0.1,64,SGD,8,0.712342617,75.44,0.966094124,67.54
MobileNet,0.1,64,SGD,9,0.719408984,75.3775,0.724150404,75.35
MobileNet,0.1,64,SGD,10,0.715984482,75.12,1.242482833,59.75
MobileNet,0.1,64,SGD,11,0.711101474,75.795,0.862643893,70.31
MobileNet,0.1,64,SGD,12,0.724992811,74.84,0.966592253,67.84
MobileNet,0.1,64,SGD,13,0.744391239,74.31,0.781008402,72.92
MobileNet,0.1,64,SGD,14,0.747170825,74.2,0.855871124,70.13
MobileNet,0.1,64,SGD,15,0.783783346,73.155,0.901801823,69.62
MobileNet,0.1,64,Adam,1,2.3364972,17.7625,2.641455815,10.39
MobileNet,0.1,64,Adam,2,2.037801829,18.3525,2.9059255,10
MobileNet,0.1,64,Adam,3,2.062235485,17.425,6.442293959,10
MobileNet,0.1,64,Adam,4,2.18333504,14.5825,2.305200999,10
MobileNet,0.1,64,Adam,5,2.313349436,9.985,2.311870508,10
MobileNet,0.1,64,Adam,6,2.314287936,10.0725,2.306738007,10
MobileNet,0.1,64,Adam,7,2.316721236,10.11,2.307608044,10
MobileNet,0.1,64,Adam,8,2.321013681,9.845,2.310891907,10
MobileNet,0.1,64,Adam,9,2.316689737,9.945,2.317290821,10
MobileNet,0.1,64,Adam,10,2.319361747,9.9025,2.309670713,10
MobileNet,0.1,64,Adam,11,2.316314645,9.785,2.309907131,10
MobileNet,0.1,64,Adam,12,2.314830308,10.21,2.31114007,10
MobileNet,0.1,64,Adam,13,2.318246653,9.83,2.310564094,10
MobileNet,0.1,64,Adam,14,2.318790916,10.28,2.341370406,10
MobileNet,0.1,64,Adam,15,2.317311484,9.98,2.307011626,10
MobileNet,0.01,32,SGD,1,1.590989293,42.285,1.241566626,55.53
MobileNet,0.01,32,SGD,2,1.067468743,62.4475,0.915523992,68.58
MobileNet,0.01,32,SGD,3,0.802950356,72.2575,0.685649423,76.29
MobileNet,0.01,32,SGD,4,0.674077228,76.9,0.60627414,79.36
MobileNet,0.01,32,SGD,5,0.582643066,80.0775,0.555236733,80.71
MobileNet,0.01,32,SGD,6,0.521780776,81.935,0.505554375,82.67
MobileNet,0.01,32,SGD,7,0.479586835,83.525,0.515526509,82.11
MobileNet,0.01,32,SGD,8,0.444408787,84.745,0.463609089,84.1
MobileNet,0.01,32,SGD,9,0.416504561,85.675,0.440366773,84.64
MobileNet,0.01,32,SGD,10,0.393478594,86.405,0.449001486,84.87
MobileNet,0.01,32,SGD,11,0.382592319,86.81,0.448859806,84.65
MobileNet,0.01,32,SGD,12,0.357974851,87.5725,0.428647877,85.84
MobileNet,0.01,32,SGD,13,0.346100479,88.01,0.430277001,85.19
MobileNet,0.01,32,SGD,14,0.332134214,88.4775,0.431589423,85.18
MobileNet,0.01,32,SGD,15,0.320250069,89.035,0.386667375,87.07
MobileNet,0.01,32,Adam,1,1.943451,23.43,2.017642289,23.51
MobileNet,0.01,32,Adam,2,1.780217722,29.55,1.962624816,29.14
MobileNet,0.01,32,Adam,3,1.724484416,32.705,1.814440669,31.01
MobileNet,0.01,32,Adam,4,1.678361506,35.6975,2.215083888,22.51
MobileNet,0.01,32,Adam,5,1.628136679,39.085,2.048218929,25.25
MobileNet,0.01,32,Adam,6,1.579995789,41.045,2.873101683,25.45
MobileNet,0.01,32,Adam,7,1.550980272,42.195,1.570762073,40.91
MobileNet,0.01,32,Adam,8,1.533805146,43.5075,1.782250656,35.01
MobileNet,0.01,32,Adam,9,1.509382085,44.735,1.849435822,31.5
MobileNet,0.01,32,Adam,10,1.508058836,44.685,1.621307782,40.62
MobileNet,0.01,32,Adam,11,1.4889845,45.38,1.587115622,42.29
MobileNet,0.01,32,Adam,12,1.470749324,46.11,1.425584227,47.41
MobileNet,0.01,32,Adam,13,1.44714711,47.035,1.409229363,47.19
MobileNet,0.01,32,Adam,14,1.430090915,47.9375,1.532207038,41.62
MobileNet,0.01,32,Adam,15,1.416565472,48.28,1.417549069,48.45
MobileNet,0.01,64,SGD,1,1.604162429,40.3125,1.334192771,51.18
MobileNet,0.01,64,SGD,2,1.095453417,61.025,0.957975342,66.73
MobileNet,0.01,64,SGD,3,0.840303521,70.5175,0.746763975,74.18
MobileNet,0.01,64,SGD,4,0.6882966,76.055,0.756594704,73.69
MobileNet,0.01,64,SGD,5,0.594217133,79.415,0.604054551,79.09
MobileNet,0.01,64,SGD,6,0.531797509,81.5,0.553433899,80.97
MobileNet,0.01,64,SGD,7,0.479396126,83.4,0.551290323,81.01
MobileNet,0.01,64,SGD,8,0.436949726,84.8625,0.499937544,83.07
MobileNet,0.01,64,SGD,9,0.400269779,86.0825,0.491479378,83.19
MobileNet,0.01,64,SGD,10,0.370886249,87.045,0.459764378,84.43
MobileNet,0.01,64,SGD,11,0.339856411,88.1925,0.474392853,83.59
MobileNet,0.01,64,SGD,12,0.320622465,88.7525,0.473192053,83.72
MobileNet,0.01,64,SGD,13,0.293815242,89.745,0.446465601,85.15
MobileNet,0.01,64,SGD,14,0.282127024,90.1525,0.451817099,85.15
MobileNet,0.01,64,SGD,15,0.26823526,90.56,0.431428659,85.38
MobileNet,0.01,64,Adam,1,1.889368147,27.0775,2.603845394,13.23
MobileNet,0.01,64,Adam,2,1.658919271,35.9975,1.894921998,29.18
MobileNet,0.01,64,Adam,3,1.522938526,42.89,2.004997792,34.58
MobileNet,0.01,64,Adam,4,1.436798928,46.665,1.663266867,39.59
MobileNet,0.01,64,Adam,5,1.361456756,49.95,1.545454174,43.98
MobileNet,0.01,64,Adam,6,1.321166597,51.7925,1.366026292,48.68
MobileNet,0.01,64,Adam,7,1.283837758,53.3125,1.358955448,50.09
MobileNet,0.01,64,Adam,8,1.259407208,54.0975,1.673417614,40.98
MobileNet,0.01,64,Adam,9,1.247420725,54.63,1.246953232,55
MobileNet,0.01,64,Adam,10,1.219357493,55.695,1.240468544,55.54
MobileNet,0.01,64,Adam,11,1.213721693,56.015,1.640300324,41.41
MobileNet,0.01,64,Adam,12,1.205304871,56.1075,1.681334689,41.59
MobileNet,0.01,64,Adam,13,1.19534655,56.5575,1.337738369,51.1
MobileNet,0.01,64,Adam,14,1.181148365,57.245,1.317174994,53.19
MobileNet,0.01,64,Adam,15,1.174635289,57.2675,1.958555254,31.89
GoogleNet,0.1,32,SGD,1,1.861564541,30.4925,1.937315737,35.35
GoogleNet,0.1,32,SGD,2,1.36871565,50.1975,1.306822931,52.73
GoogleNet,0.1,32,SGD,3,1.161231593,58.6,1.583815771,44.18
GoogleNet,0.1,32,SGD,4,1.070422795,61.95,1.214692305,58.43
GoogleNet,0.1,32,SGD,5,0.983639725,65.4675,1.443416332,54.96
GoogleNet,0.1,32,SGD,6,0.929501482,67.6675,1.049725041,62.85
GoogleNet,0.1,32,SGD,7,0.882961939,69.11,1.324490391,59.52
GoogleNet,0.1,32,SGD,8,0.871135654,69.8125,1.146352021,59.47
GoogleNet,0.1,32,SGD,9,0.852256972,70.505,1.699608103,50.4
GoogleNet,0.1,32,SGD,10,0.8446847,71.1075,1.920554603,44.07
GoogleNet,0.1,32,SGD,11,0.826365988,71.4675,1.15854695,59.74
GoogleNet,0.1,32,SGD,12,0.822038513,71.7125,1.695468924,52.52
GoogleNet,0.1,32,SGD,13,0.810186216,72.04,1.272286325,59.98
GoogleNet,0.1,32,SGD,14,0.811957748,71.845,1.006388855,65.31
GoogleNet,0.1,32,SGD,15,0.799540337,72.4725,1.225883821,59.49
GoogleNet,0.1,32,Adam,1,2.275939791,15.6175,8.553833327,10
GoogleNet,0.1,32,Adam,2,2.186974081,15.4475,2.310152476,10
GoogleNet,0.1,32,Adam,3,2.320899544,10.2925,2.307284441,10
GoogleNet,0.1,32,Adam,4,2.325794433,9.8225,2.317249906,10
GoogleNet,0.1,32,Adam,5,2.323562648,9.985,2.308465676,10
GoogleNet,0.1,32,Adam,6,2.3229076,10.1,2.308922415,10
GoogleNet,0.1,32,Adam,7,2.323705773,9.85,2.313883998,10
GoogleNet,0.1,32,Adam,8,2.323864024,9.86,2.309587028,10
GoogleNet,0.1,32,Adam,9,2.323429695,9.705,2.357770028,10
GoogleNet,0.1,32,Adam,10,2.323816504,10.1225,2.310526724,10
GoogleNet,0.1,32,Adam,11,2.324619215,9.9275,2.317112978,10
GoogleNet,0.1,32,Adam,12,2.323909861,9.905,2.31879097,10
GoogleNet,0.1,32,Adam,13,2.322895191,9.98,2.317238135,10
GoogleNet,0.1,32,Adam,14,2.323553161,10.1,2.317386451,10
GoogleNet,0.1,32,Adam,15,2.323262586,9.96,2.313544824,10
GoogleNet,0.1,64,SGD,1,1.943740891,29.0425,1.680735643,36.71
GoogleNet,0.1,64,SGD,2,1.471075463,44.8975,1.60218732,40.81
GoogleNet,0.1,64,SGD,3,1.220134201,55.725,1.125618021,60.18
GoogleNet,0.1,64,SGD,4,1.043505511,62.965,1.221736432,57.02
GoogleNet,0.1,64,SGD,5,0.937753918,66.955,1.039525114,62.15
GoogleNet,0.1,64,SGD,6,0.848424241,70.19,1.267438365,57.3
GoogleNet,0.1,64,SGD,7,0.777328824,73.055,1.024955914,65.82
GoogleNet,0.1,64,SGD,8,0.73064865,74.535,1.014153247,67.25
GoogleNet,0.1,64,SGD,9,0.701446926,75.74,1.478210787,57.36
GoogleNet,0.1,64,SGD,10,0.673522592,76.8725,1.119438499,62.95
GoogleNet,0.1,64,SGD,11,0.653234585,77.5125,0.973149663,66.75
GoogleNet,0.1,64,SGD,12,0.641778802,77.9525,0.737796789,74.29
GoogleNet,0.1,64,SGD,13,0.621863867,78.6075,0.844939769,70.75
GoogleNet,0.1,64,SGD,14,0.619803175,78.7,0.760962506,73.72
GoogleNet,0.1,64,SGD,15,0.608061627,79.1925,1.262166514,61.26
GoogleNet,0.1,64,Adam,1,2.257537583,15.9725,2.238535881,12.65
GoogleNet,0.1,64,Adam,2,2.067091002,18.27,2.511651189,11.17
GoogleNet,0.1,64,Adam,3,2.123993991,16.8425,2.358104756,9.93
GoogleNet,0.1,64,Adam,4,2.096135561,18.0175,4.699456036,10.22
GoogleNet,0.1,64,Adam,5,2.15878645,16.51,2.509229219,9.94
GoogleNet,0.1,64,Adam,6,2.137005596,16.985,2.56213098,10
GoogleNet,0.1,64,Adam,7,2.13061638,16.98,6.507046933,9.82
GoogleNet,0.1,64,Adam,8,2.123150487,17.5625,2.412576592,10.37
GoogleNet,0.1,64,Adam,9,2.268439702,12.3675,2.310418849,10
GoogleNet,0.1,64,Adam,10,2.31640055,9.8875,2.307887819,10
GoogleNet,0.1,64,Adam,11,2.314559288,9.7875,2.313237567,10
GoogleNet,0.1,64,Adam,12,2.316678558,10.12,2.31579499,10
GoogleNet,0.1,64,Adam,13,2.315633062,10.0375,2.31065994,10
GoogleNet,0.1,64,Adam,14,2.317224889,9.9,2.307891667,10
GoogleNet,0.1,64,Adam,15,2.319028001,9.9575,2.310332749,10
GoogleNet,0.01,32,SGD,1,1.702745665,36.71,1.308550867,52.25
GoogleNet,0.01,32,SGD,2,1.233820046,55.3875,1.21896993,57.19
GoogleNet,0.01,32,SGD,3,0.970387046,66.0075,0.940641043,67.08
GoogleNet,0.01,32,SGD,4,0.798851335,71.96,0.746547732,73.9
GoogleNet,0.01,32,SGD,5,0.684346275,76.18,0.675588031,77.45
GoogleNet,0.01,32,SGD,6,0.605046817,78.87,0.614254597,79.22
GoogleNet,0.01,32,SGD,7,0.547063824,81.2325,0.620541009,78.62
GoogleNet,0.01,32,SGD,8,0.504802622,82.4875,0.505645175,82.33
GoogleNet,0.01,32,SGD,9,0.463753778,84.1975,0.586671371,80.52
GoogleNet,0.01,32,SGD,10,0.432167868,85.28,0.548184668,81.64
GoogleNet,0.01,32,SGD,11,0.404296474,86.0425,0.475699604,83.98
GoogleNet,0.01,32,SGD,12,0.377314887,86.8325,0.417766352,85.4
GoogleNet,0.01,32,SGD,13,0.359246096,87.6175,0.473091321,83.94
GoogleNet,0.01,32,SGD,14,0.32949616,88.54,0.410579021,85.57
GoogleNet,0.01,32,SGD,15,0.320516857,89.0375,0.424161992,85.81
GoogleNet,0.01,32,Adam,1,1.917153227,28.0475,1.723053377,36.26
GoogleNet,0.01,32,Adam,2,1.618149223,39.76,2.006407108,30.07
GoogleNet,0.01,32,Adam,3,1.518366193,44.135,1.753467399,38.65
GoogleNet,0.01,32,Adam,4,1.468211477,46.425,1.514067453,42.74
GoogleNet,0.01,32,Adam,5,1.441056029,47.4175,1.77148422,40.67
GoogleNet,0.01,32,Adam,6,1.415106424,48.78,1.414191486,48.71
GoogleNet,0.01,32,Adam,7,1.410671115,48.85,1.421823479,48.82
GoogleNet,0.01,32,Adam,8,1.400249572,49.2925,1.492654834,46.18
GoogleNet,0.01,32,Adam,9,1.38702471,49.685,1.475239226,45.77
GoogleNet,0.01,32,Adam,10,1.384271187,49.7175,1.512550987,44.83
GoogleNet,0.01,32,Adam,11,1.37152556,50.4,3.332069118,22.05
GoogleNet,0.01,32,Adam,12,1.356046448,51.175,1.362226,50.18
GoogleNet,0.01,32,Adam,13,1.359034305,50.8775,1.323878818,53.32
GoogleNet,0.01,32,Adam,14,1.350636698,51.305,1.430483879,49.17
GoogleNet,0.01,32,Adam,15,1.343454354,51.83,1.567747258,44.34
GoogleNet,0.01,64,SGD,1,1.565369717,42.1475,1.433479223,49.84
GoogleNet,0.01,64,SGD,2,1.103722091,60.5025,0.968261887,65.87
GoogleNet,0.01,64,SGD,3,0.875016807,69.4875,0.818022429,71.22
GoogleNet,0.01,64,SGD,4,0.716738193,75.0825,0.661122731,76.65
GoogleNet,0.01,64,SGD,5,0.611584132,78.725,0.592906942,79.48
GoogleNet,0.01,64,SGD,6,0.530471548,81.5925,0.714044017,75.64
GoogleNet,0.01,64,SGD,7,0.476108029,83.4725,0.548027273,81.09
GoogleNet,0.01,64,SGD,8,0.43175571,84.9225,0.51213359,83.05
GoogleNet,0.01,64,SGD,9,0.392942929,86.4675,0.517462383,82.63
GoogleNet,0.01,64,SGD,10,0.364984059,87.2,0.558534014,81.48
GoogleNet,0.01,64,SGD,11,0.333128768,88.43,0.497524895,82.81
GoogleNet,0.01,64,SGD,12,0.306705266,89.2375,0.441759873,85.3
GoogleNet,0.01,64,SGD,13,0.278848507,90.4125,0.514146355,83.72
GoogleNet,0.01,64,SGD,14,0.268188817,90.6975,0.490549234,84.05
GoogleNet,0.01,64,SGD,15,0.246607715,91.4175,0.494942037,83.79
GoogleNet,0.01,64,Adam,1,1.911161756,28.005,1.925567862,28.91
GoogleNet,0.01,64,Adam,2,1.609317401,39.4425,1.520906351,43.31
GoogleNet,0.01,64,Adam,3,1.483317202,44.72,1.438755996,46.48
GoogleNet,0.01,64,Adam,4,1.401218838,48.09,1.507877526,44.5
GoogleNet,0.01,64,Adam,5,1.32995245,51.7675,1.329899287,52.94
GoogleNet,0.01,64,Adam,6,1.28578953,53.7775,1.38334249,49.82
GoogleNet,0.01,64,Adam,7,1.241012085,55.58,1.422269056,48.31
GoogleNet,0.01,64,Adam,8,1.223505058,56.1725,1.182450532,57.1
GoogleNet,0.01,64,Adam,9,1.203735252,57.3775,1.409196012,53.56
GoogleNet,0.01,64,Adam,10,1.185885353,57.7675,1.259363703,55.88
GoogleNet,0.01,64,Adam,11,1.175599953,58.3325,1.533097373,46.59
GoogleNet,0.01,64,Adam,12,1.165893976,58.345,1.688741448,44.1
GoogleNet,0.01,64,Adam,13,1.156339582,58.72,2.554027121,34.46
GoogleNet,0.01,64,Adam,14,1.150837182,59.1875,1.35600215,51.72
GoogleNet,0.01,64,Adam,15,1.14570112,59.4575,1.370791938,52.45
SimpleCNN,0.1,32,SGD,1,2.718782547,9.85,2.305733807,10
SimpleCNN,0.1,32,SGD,2,2.309512251,10.0575,2.303975134,10
SimpleCNN,0.1,32,SGD,3,2.309357346,9.8025,2.307454369,10.04
SimpleCNN,0.1,32,SGD,4,2.309959902,9.92,2.309149625,10
SimpleCNN,0.1,32,SGD,5,2.30926246,10.275,2.304273252,10
SimpleCNN,0.1,32,SGD,6,2.309255725,10.215,2.311530802,10
SimpleCNN,0.1,32,SGD,7,2.309060543,10.065,2.313585207,10
SimpleCNN,0.1,32,SGD,8,2.308843763,10.18,2.307252591,10
SimpleCNN,0.1,32,SGD,9,2.308956295,10.19,2.307709057,10
SimpleCNN,0.1,32,SGD,10,2.309499339,10.145,2.310894842,10
SimpleCNN,0.1,32,SGD,11,2.309740742,10.0675,2.309465134,10
SimpleCNN,0.1,32,SGD,12,2.308965086,9.9,2.308807271,10
SimpleCNN,0.1,32,SGD,13,2.309289565,10.1275,2.307999558,10
SimpleCNN,0.1,32,SGD,14,2.31014285,10.01,2.30978765,10
SimpleCNN,0.1,32,SGD,15,2.309823303,9.925,2.310805569,10
SimpleCNN,0.1,32,Adam,1,29.0009791,9.9175,2.307656188,10
SimpleCNN,0.1,32,Adam,2,2.319528805,9.91,2.317728083,10
SimpleCNN,0.1,32,Adam,3,2.319885588,9.765,2.318457692,10
SimpleCNN,0.1,32,Adam,4,2.32112913,9.9,2.308167863,10
SimpleCNN,0.1,32,Adam,5,2.320380979,10.015,2.310660264,10
SimpleCNN,0.1,32,Adam,6,2.319167981,9.8875,2.321615818,10
SimpleCNN,0.1,32,Adam,7,2.319320882,9.88,2.315342035,10
SimpleCNN,0.1,32,Adam,8,2.31876342,10.0525,2.314278944,10
SimpleCNN,0.1,32,Adam,9,2.318859705,10.075,2.315426145,10
SimpleCNN,0.1,32,Adam,10,2.319208646,9.7575,2.319456618,10
SimpleCNN,0.1,32,Adam,11,2.317311938,9.88,2.312198215,10
SimpleCNN,0.1,32,Adam,12,2.319493001,9.8675,2.311625569,10
SimpleCNN,0.1,32,Adam,13,2.823090909,9.875,2.312623427,10
SimpleCNN,0.1,32,Adam,14,8.201902029,10.42,2.34548058,10
SimpleCNN,0.1,32,Adam,15,3.186306046,10.2925,2.307909081,10
SimpleCNN,0.1,64,SGD,1,3.208295838,9.8425,2.306319926,10.02
SimpleCNN,0.1,64,SGD,2,2.306622579,9.995,2.308103454,10
SimpleCNN,0.1,64,SGD,3,2.306614921,9.935,2.308034701,10
SimpleCNN,0.1,64,SGD,4,2.306067105,10.11,2.306518133,10
SimpleCNN,0.1,64,SGD,5,2.306951632,10.11,2.305250852,10
SimpleCNN,0.1,64,SGD,6,2.30633745,9.975,2.305447981,10
SimpleCNN,0.1,64,SGD,7,2.305785141,10.125,2.307220988,10
SimpleCNN,0.1,64,SGD,8,2.305836837,10.2575,2.304960599,10
SimpleCNN,0.1,64,SGD,9,2.306025768,9.83,2.305997975,10
SimpleCNN,0.1,64,SGD,10,2.305987702,9.9525,2.306567805,10
SimpleCNN,0.1,64,SGD,11,2.306319751,10.0825,2.305136516,10
SimpleCNN,0.1,64,SGD,12,2.306107915,9.745,2.305792305,10
SimpleCNN,0.1,64,SGD,13,2.306497881,9.74,2.305147636,10
SimpleCNN,0.1,64,SGD,14,2.306350283,10.045,2.304961863,10
SimpleCNN,0.1,64,SGD,15,2.306487984,10.0125,2.307419643,10
SimpleCNN,0.1,64,Adam,1,54.46697164,10.38,2.306104405,10
SimpleCNN,0.1,64,Adam,2,2.31290146,10.0875,2.314607046,10
SimpleCNN,0.1,64,Adam,3,2.318116732,10.015,2.320514503,10
SimpleCNN,0.1,64,Adam,4,2.314044704,9.9525,2.317622054,10
SimpleCNN,0.1,64,Adam,5,2.314203676,9.9025,2.30828295,10
SimpleCNN,0.1,64,Adam,6,2.324989835,9.8175,2.313694539,10
SimpleCNN,0.1,64,Adam,7,2.326097129,9.9175,2.307660363,10
SimpleCNN,0.1,64,Adam,8,2.312158442,10.1575,2.313593621,10
SimpleCNN,0.1,64,Adam,9,2.313948173,10.32,2.308434215,10
SimpleCNN,0.1,64,Adam,10,2.31345416,9.86,2.308449976,10
SimpleCNN,0.1,64,Adam,11,2.314573405,9.8075,2.321143849,10
SimpleCNN,0.1,64,Adam,12,2.313859524,10.18,2.313640223,10
SimpleCNN,0.1,64,Adam,13,2.312640054,10.1125,2.314005396,10
SimpleCNN,0.1,64,Adam,14,2.315378528,10.055,2.309824166,10
SimpleCNN,0.1,64,Adam,15,2.311900297,9.9175,2.314748425,10
SimpleCNN,0.01,32,SGD,1,2.24915505,14.4725,2.137563138,18.82
SimpleCNN,0.01,32,SGD,2,2.137814462,19.3725,1.936857136,27
SimpleCNN,0.01,32,SGD,3,1.892388089,30.3375,1.654884398,39.52
SimpleCNN,0.01,32,SGD,4,1.71081755,37.4375,1.509550081,46.75
SimpleCNN,0.01,32,SGD,5,1.593316016,42.0325,1.3636406,51.15
SimpleCNN,0.01,32,SGD,6,1.520818097,44.67,1.354461759,51.97
SimpleCNN,0.01,32,SGD,7,1.463274717,47.14,1.330707945,52.4
SimpleCNN,0.01,32,SGD,8,1.42223742,48.595,1.248183779,56.79
SimpleCNN,0.01,32,SGD,9,1.386263324,50.3275,1.216212431,57.51
SimpleCNN,0.01,32,SGD,10,1.339415203,52.14,1.210990453,57.31
SimpleCNN,0.01,32,SGD,11,1.296802253,53.7375,1.140384381,60.18
SimpleCNN,0.01,32,SGD,12,1.246043668,55.6575,1.112030658,61.5
SimpleCNN,0.01,32,SGD,13,1.208377616,57.2625,1.029697883,63.79
SimpleCNN,0.01,32,SGD,14,1.175964454,58.515,1.036487361,63.24
SimpleCNN,0.01,32,SGD,15,1.144609442,59.9825,1.056085547,63.44
SimpleCNN,0.01,32,Adam,1,3.644908944,9.7725,2.304447637,10.01
SimpleCNN,0.01,32,Adam,2,2.156028036,19.26,1.944111576,28.16
SimpleCNN,0.01,32,Adam,3,1.998194199,25.23,1.813706747,31.75
SimpleCNN,0.01,32,Adam,4,1.952446811,26.29,1.78758582,31.08
SimpleCNN,0.01,32,Adam,5,1.896226397,27.72,1.767283885,33.05
SimpleCNN,0.01,32,Adam,6,1.888152159,28.1625,1.770982625,29.21
SimpleCNN,0.01,32,Adam,7,1.878725873,28.4925,1.778427509,31.91
SimpleCNN,0.01,32,Adam,8,1.883399321,28.7575,1.741441816,32.93
SimpleCNN,0.01,32,Adam,9,1.872401178,28.815,1.767425889,33.22
SimpleCNN,0.01,32,Adam,10,1.866363878,28.625,1.733036246,35.28
SimpleCNN,0.01,32,Adam,11,1.873666924,28.585,1.755807972,32.28
SimpleCNN,0.01,32,Adam,12,1.898340218,27.7425,1.810011314,30.46
SimpleCNN,0.01,32,Adam,13,1.878329927,28.7375,1.752235368,32.95
SimpleCNN,0.01,32,Adam,14,1.87299305,28.8225,1.743750362,33.76
SimpleCNN,0.01,32,Adam,15,1.875269839,28.61,1.760054964,32.11
SimpleCNN,0.01,64,SGD,1,2.296095479,11.6375,2.303020024,10
SimpleCNN,0.01,64,SGD,2,2.303069372,9.905,2.302719958,10.01
SimpleCNN,0.01,64,SGD,3,2.302995034,9.8075,2.302923589,10
SimpleCNN,0.01,64,SGD,4,2.302876005,9.975,2.299664838,9.78
SimpleCNN,0.01,64,SGD,5,2.260349019,12.47,2.208469086,16.54
SimpleCNN,0.01,64,SGD,6,2.217504168,14.42,2.131695471,17.94
SimpleCNN,0.01,64,SGD,7,2.148474032,17.4775,2.01244076,25.5
SimpleCNN,0.01,64,SGD,8,2.094252461,19.7775,1.917624429,28.84
SimpleCNN,0.01,64,SGD,9,1.992020963,23.7375,1.827303218,31.02
SimpleCNN,0.01,64,SGD,10,1.932924167,25.7275,1.730373927,37.71
SimpleCNN,0.01,64,SGD,11,1.854624001,29.7275,1.619465827,40.49
SimpleCNN,0.01,64,SGD,12,1.766750987,33.4225,1.512426641,45.58
SimpleCNN,0.01,64,SGD,13,1.639272564,39.08,1.376587174,51.29
SimpleCNN,0.01,64,SGD,14,1.557356545,42.555,1.316915998,53.16
SimpleCNN,0.01,64,SGD,15,1.513461681,44.25,1.287042812,54.02
SimpleCNN,0.01,64,Adam,1,4.111614338,9.99,2.302995973,10
SimpleCNN,0.01,64,Adam,2,2.417664337,9.735,2.303035445,10.01
SimpleCNN,0.01,64,Adam,3,2.179563617,18.155,1.916708035,31.4
SimpleCNN,0.01,64,Adam,4,1.961739855,27.12,1.80176248,33.8
SimpleCNN,0.01,64,Adam,5,1.921630033,27.9325,1.753022964,35.47
SimpleCNN,0.01,64,Adam,6,1.857025906,29.915,1.739330603,35.74
SimpleCNN,0.01,64,Adam,7,1.87704137,29.8825,1.729673028,34.82
SimpleCNN,0.01,64,Adam,8,1.830246022,31.225,1.771001631,33.49
SimpleCNN,0.01,64,Adam,9,1.81418948,31.3625,1.665551218,37.46
SimpleCNN,0.01,64,Adam,10,1.79702767,31.735,1.623091022,39.93
SimpleCNN,0.01,64,Adam,11,1.754406148,33.81,1.619775149,39.36
SimpleCNN,0.01,64,Adam,12,1.74745626,34.5175,1.571636248,41.39
SimpleCNN,0.01,64,Adam,13,1.731422947,34.96,1.600214449,39.5
SimpleCNN,0.01,64,Adam,14,1.730452212,35.075,1.581830126,40.54
SimpleCNN,0.01,64,Adam,15,1.722844153,35.545,1.579956908,42.57
